matches_played,avg_margin
45,43.06666666666667
44,55.27272727272727
40,55.875
38,50.89473684210526
38,54.5
35,45.4
32,47.84375
30,51.5
30,58.766666666666666
28,49.42857142857143
